query_id,doc_id,relevance
Q1_1,D14,2.0
Q1_1,D840,2.0
Q1_1,D3,3.0
Q1_1,D875,2.0
Q1_1,D861,2.0
Q1_1,D742,2.0
Q1_1,D847,2.0
Q1_1,D741,2.0
Q1_1,D8041,2.0
Q1_1,D7377,2.0
Q1_1,D4361,1.8
Q1_1,D9169,1.83
Q1_1,D889,1.71
Q1_1,D884,1.71
Q1_1,D886,2.0
Q1_1,D885,2.0
Q1_1,D794,2.0
Q1_1,D733,2.0
Q2_1,D757,3.0
Q2_1,D738,3.0
Q2_1,D813,3.0
Q2_1,D10329,2.0
Q2_1,D10277,2.0
Q2_1,D8089,2.0
Q2_1,D5225,2.0
Q2_1,D9157,2.0
Q2_1,D8081,2.0
Q2_1,D9337,2.0
Q2_1,D10089,2.0
Q2_1,D4313,2.0
Q2_1,D2137,1.8
Q2_1,D8377,2.0
Q2_1,D7185,2.0
Q2_1,D8197,2.8
Q2_1,D8169,1.8
Q2_1,D889,2.6
Q2_1,D888,2.6
Q2_1,D4,3.0
Q2_1,D9289,2.0
Q2_1,D8109,2.0
Q3_1,D12,3.0
Q3_1,D832,2.0
Q3_1,D6233,2.2
Q3_1,D4033,1.83
Q3_1,D4125,1.83
Q3_1,D4,3.0
Q3_1,D876,2.0
Q4_1,D754,2.6
Q4_1,D879,2.0
Q4_1,D829,2.0
Q4_1,D827,2.0
Q4_1,D772,3.0
Q4_1,D875,3.0
Q4_1,D841,2.0
Q4_1,D834,2.0
Q4_1,D822,2.0
Q4_1,D750,2.0
Q4_1,D823,2.0
Q4_1,D8165,2.0
Q4_1,D1121,2.0
Q4_1,D10209,2.0
Q4_1,D8001,2.0
Q4_1,D7217,1.6
Q4_1,D784,2.0
Q4_1,D888,2.0
Q4_1,D780,2.0
Q4_1,D886,2.0
Q4_1,D876,2.0
Q4_1,D885,3.0
Q4_1,D881,2.0
Q4_1,D3397,2.0
Q4_1,D8273,2.0
Q4_1,D8217,1.8
Q5_1,D798,2.0
Q5_1,D752,2.0
Q5_1,D890,3.0
Q5_1,D755,2.0
Q5_1,D801,2.0
Q5_1,D776,3.0
Q5_1,D770,2.0
Q5_1,D826,2.0
Q5_1,D788,3.0
Q5_1,D827,2.0
Q5_1,D753,2.0
Q5_1,D816,3.0
Q5_1,D789,3.0
Q5_1,D1,2.0
Q5_1,D831,3.0
Q5_1,D802,2.0
Q5_1,D782,3.0
Q5_1,D799,3.0
Q5_1,D777,2.0
Q5_1,D784,1.71
Q5_1,D889,1.71
Q5_1,D888,1.71
Q5_1,D767,2.0
Q5_1,D887,3.0
Q5_1,D877,2.0
Q5_1,D833,2.0
Q5_1,D773,3.0
Q5_1,D769,2.0
Q5_1,D744,2.0
Q5_1,D811,2.0
Q5_1,D763,2.0
Q5_1,D765,2.0
Q6_1,D793,3.0
Q6_1,D798,2.0
Q6_1,D890,3.0
Q6_1,D818,2.0
Q6_1,D776,1.2
Q6_1,D879,3.0
Q6_1,D769,2.0
Q6_1,D883,3.0
Q6_1,D815,3.0
Q6_1,D725,1.2
Q6_1,D777,2.0
Q6_1,D5281,1.33
Q6_1,D884,1.71
Q6_1,D4,1.71
Q6_1,D774,1.8
Q6_1,D775,3.0
Q6_1,D808,2.0
Q6_1,D765,2.0
Q6_1,D833,2.0
Q6_1,D773,3.0
Q6_1,D752,2.0
Q6_1,D866,2.0
Q7_1,D796,2.0
Q7_1,D776,3.0
Q7_1,D758,2.0
Q7_1,D768,2.0
Q7_1,D821,2.0
Q7_1,D771,2.0
Q7_1,D790,2.0
Q7_1,D804,2.0
Q7_1,D5205,2.0
Q7_1,D4045,2.0
Q7_1,D8257,2.0
Q7_1,D7281,1.6
Q7_1,D7253,2.0
Q7_1,D10057,2.0
Q7_1,D791,1.8
Q7_1,D1193,2.5
Q7_1,D7341,1.8
Q7_1,D767,2.0
Q7_1,D773,2.0
Q7_1,D9133,2.0
Q8_1,D793,2.0
Q8_1,D796,2.0
Q8_1,D798,2.0
Q8_1,D752,2.0
Q8_1,D890,2.0
Q8_1,D801,1.8
Q8_1,D776,2.0
Q8_1,D879,2.0
Q8_1,D827,2.0
Q8_1,D757,2.0
Q8_1,D747,2.0
Q8_1,D863,2.0
Q8_1,D758,1.2
Q8_1,D748,2.0
Q8_1,D769,2.0
Q8_1,D822,2.0
Q8_1,D830,2.0
Q8_1,D835,2.0
Q8_1,D839,2.0
Q8_1,D872,2.0
Q8_1,D736,3.0
Q8_1,D6341,2.0
Q8_1,D7033,2.0
Q8_1,D7185,2.0
Q8_1,D10289,1.83
Q8_1,D884,1.86
Q8_1,D7081,1.17
Q8_1,D781,1.6
Q8_1,D775,1.2
Q8_1,D763,2.0
Q8_1,D7017,1.12
Q8_1,D887,2.0
Q8_1,D886,2.0
Q8_1,D885,3.0
Q8_1,D881,1.71
Q8_1,D1,2.0
Q8_1,D2209,2.0
Q8_1,D865,2.0
Q8_1,D1189,2.0
Q8_1,D1389,2.0
Q8_1,D10109,2.0
Q8_1,D10097,2.0
Q9_1,D10217,3.0
Q9_1,D7389,3.0
Q9_1,D7133,2.0
Q9_1,D3145,3.0
Q9_1,D1309,3.0
Q9_1,D4109,3.0
Q9_1,D7045,3.0
Q9_1,D6341,2.0
Q9_1,D6329,2.0
Q9_1,D8213,2.0
Q9_1,D7149,2.0
Q9_1,D1001,3.0
Q9_1,D1237,3.0
Q9_1,D8257,2.0
Q9_1,D10057,2.0
Q9_1,D4161,2.0
Q9_1,D9129,2.0
Q9_1,D10201,2.0
Q10_1,D3313,2.0
Q10_1,D5161,2.0
Q10_1,D6305,2.0
Q10_1,D5185,2.0
Q10_1,D2321,2.0
Q10_1,D5197,2.0
Q10_1,D6181,2.0
Q10_1,D10017,2.0
Q10_1,D6053,3.0
Q10_1,D8397,2.0
Q10_1,D8265,1.6
Q10_1,D5281,2.0
Q11_1,D9321,3.0
Q11_1,D10169,2.0
Q11_1,D8033,2.6
Q11_1,D8393,2.8
Q11_1,D7213,1.8
Q11_1,D9369,2.6
Q11_1,D9101,3.0
Q11_1,D9093,3.0
Q11_1,D1025,2.0
Q11_1,D9381,2.0
Q11_1,D8069,3.0
Q11_1,D9185,2.0
Q11_1,D8133,1.6
Q11_1,D8221,2.0
Q11_1,D8077,3.0
Q11_1,D9069,2.0
Q11_1,D8357,2.0
Q11_1,D9001,3.0
Q11_1,D10141,2.0
Q11_1,D7069,2.0
Q11_1,D9181,2.0
Q11_1,D10309,3.0
Q12_1,D821,2.0
Q12_1,D771,2.0
Q12_1,D869,2.0
Q12_1,D7293,2.0
Q12_1,D7365,2.0
Q12_1,D7289,2.6
Q12_1,D7001,2.6
Q12_1,D9033,2.0
Q12_1,D7225,2.0
Q12_1,D7317,2.0
Q12_1,D10197,2.0
Q12_1,D3025,2.0
Q12_1,D7361,2.0
Q12_1,D9025,3.0
Q12_1,D6045,2.6
Q12_1,D8185,2.0
Q12_1,D7085,2.6
Q12_1,D5213,2.0
Q12_1,D7213,2.0
Q13_1,D752,2.0
Q13_1,D890,2.0
Q13_1,D755,2.0
Q13_1,D770,2.0
Q13_1,D6,2.0
Q13_1,D789,3.0
Q13_1,D882,3.0
Q13_1,D10097,2.0
Q13_1,D10317,2.0
Q13_1,D1053,2.0
Q13_1,D9085,3.0
Q13_1,D9301,1.4
Q13_1,D1301,1.4
Q13_1,D9373,1.2
Q13_1,D4161,1.2
Q13_1,D889,2.0
Q13_1,D888,1.71
Q13_1,D4273,2.67
Q13_1,D7,1.2
Q13_1,D1193,1.67
Q13_1,D16,1.2
Q13_1,D762,3.0
Q13_1,D885,2.0
Q13_1,D881,1.71
Q13_1,D8249,2.0
Q13_1,D801,2.0
Q13_1,D2301,2.0
Q14_1,D9277,3.0
Q14_1,D10369,3.0
Q14_1,D9213,3.0
Q14_1,D9073,3.0
Q14_1,D9289,3.0
Q14_1,D9281,3.0
Q14_1,D9145,3.0
Q14_1,D10017,2.0
Q14_1,D9181,2.0
Q14_1,D9397,2.0
Q14_1,D10365,3.0
Q14_1,D8197,2.0
Q14_1,D8305,2.0
Q14_1,D6093,2.0
Q14_1,D6033,2.0
Q14_1,D10301,2.5
Q14_1,D9253,3.0
Q14_1,D9389,3.0
Q14_1,D2025,1.6
Q14_1,D3261,2.0
Q14_1,D8133,3.0
Q14_1,D6045,2.0
Q14_1,D9129,2.0
Q14_1,D8301,3.0
Q14_1,D2061,2.0
Q14_1,D8065,2.0
Q14_1,D6053,2.0
Q14_1,D8165,2.0
Q14_1,D8337,2.0
Q14_1,D3225,2.0
Q15_1,D1353,2.0
Q15_1,D1157,2.0
Q15_1,D8005,3.0
Q15_1,D1337,1.2
Q15_1,D1165,1.2
Q15_1,D1145,1.2
Q15_1,D1005,2.0
Q15_1,D10005,2.0
Q15_1,D2133,1.8
Q15_1,D2101,1.8
Q15_1,D1225,1.8
Q15_1,D3225,1.83
Q15_1,D2069,1.5
Q15_1,D10065,2.38
Q16_1,D6281,3.0
Q16_1,D6213,2.0
Q16_1,D1217,2.0
Q16_1,D6365,2.0
Q16_1,D1173,2.0
Q16_1,D6361,2.0
Q16_1,D6017,2.0
Q16_1,D6297,2.0
Q16_1,D1141,2.0
Q16_1,D6181,2.0
Q16_1,D6041,2.0
Q16_1,D6113,2.2
Q16_1,D10365,2.0
Q16_1,D8221,3.0
Q16_1,D1081,1.8
Q16_1,D6029,2.0
Q16_1,D10273,2.0
Q16_1,D6085,2.0
Q17_1,D3065,3.0
Q17_1,D3317,2.0
Q17_1,D3185,2.0
Q17_1,D3301,2.0
Q17_1,D3033,2.0
Q17_1,D3281,2.0
Q17_1,D3017,2.0
Q17_1,D3001,2.0
Q17_1,D3125,2.0
Q17_1,D3241,2.0
Q17_1,D3105,2.0
Q17_1,D3093,2.0
Q17_1,D3169,2.0
Q17_1,D3285,2.0
Q17_1,D3369,2.0
Q17_1,D5065,2.0
Q17_1,D7205,2.0
Q17_1,D3157,2.0
Q17_1,D3013,2.6
Q18_1,D1269,2.0
Q18_1,D10041,2.0
Q18_1,D1393,2.0
Q18_1,D5097,2.0
Q18_1,D10049,2.0
Q18_1,D6365,1.6
Q18_1,D3053,2.0
Q18_1,D5077,2.0
Q18_1,D10297,2.0
Q18_1,D10117,2.0
Q18_1,D10353,2.0
Q18_1,D4037,2.0
Q18_1,D10153,1.6
Q18_1,D8285,1.6
Q18_1,D5321,1.6
Q18_1,D10145,1.6
Q18_1,D3061,1.6
Q18_1,D10345,3.0
Q18_1,D10181,1.6
Q18_1,D10021,2.0
Q18_1,D9129,2.0
Q18_1,D5177,2.0
Q18_1,D10065,1.6
Q18_1,D811,2.0
Q18_1,D6249,2.0
Q19_1,D7261,2.0
Q19_1,D7381,3.0
Q19_1,D5153,3.0
Q19_1,D7069,3.0
Q19_1,D5137,2.0
Q19_1,D10213,3.0
Q19_1,D8129,3.0
Q19_1,D5149,2.0
Q19_1,D10377,2.0
Q19_1,D8393,1.4
Q19_1,D2297,2.0
Q19_1,D5169,2.2
Q19_1,D7149,2.2
Q19_1,D7049,3.0
Q19_1,D9169,1.17
Q19_1,D1125,1.4
Q19_1,D5253,1.2
Q19_1,D5177,1.83
Q19_1,D7201,2.0
Q20_1,D814,2.0
Q20_1,D820,2.0
Q20_1,D1097,2.0
Q20_1,D9189,3.0
Q20_1,D8129,2.0
Q20_1,D1333,1.2
Q20_1,D8249,2.0
Q20_1,D9205,2.2
Q20_1,D9337,1.33
Q20_1,D9013,2.0
Q20_1,D1213,1.17
Q20_1,D8301,1.12
Q20_1,D1125,1.4
Q20_1,D5253,2.0
Q20_1,D762,2.0
Q21_1,D10193,2.0
Q21_1,D4261,2.0
Q21_1,D6285,3.0
Q21_1,D10393,2.0
Q21_1,D6009,3.0
Q21_1,D10297,2.0
Q21_1,D6245,3.0
Q21_1,D10353,2.0
Q21_1,D3157,1.2
Q21_1,D1029,1.6
Q21_1,D6157,3.0
Q21_1,D6145,1.2
Q21_1,D8205,2.2
Q21_1,D6093,2.6
Q21_1,D10125,2.14
Q21_1,D8301,1.88
Q21_1,D10145,2.0
Q21_1,D10345,2.33
Q21_1,D10065,2.12
Q21_1,D6033,2.0
Q21_1,D8217,3.0
Q22_1,D6209,3.0
Q22_1,D6013,3.0
Q22_1,D6001,3.0
Q22_1,D6121,3.0
Q22_1,D6241,3.0
Q22_1,D6057,3.0
Q22_1,D6169,3.0
Q22_1,D6289,3.0
Q22_1,D6085,2.0
Q22_1,D6381,3.0
Q22_1,D6225,2.0
Q22_1,D6049,3.0
Q22_1,D6025,3.0
Q22_1,D6297,3.0
Q22_1,D6281,3.0
Q23_1,D9029,2.0
Q23_1,D9077,2.0
Q23_1,D1297,2.0
Q23_1,D3385,2.0
Q23_1,D6081,2.0
Q23_1,D1293,2.0
Q23_1,D6245,1.17
Q23_1,D6145,3.0
Q23_1,D7073,1.25
Q23_1,D6029,2.0
Q23_1,D8333,2.0
Q24_1,D861,3.0
Q24_1,D6077,3.0
Q24_1,D6113,2.8
Q24_1,D10301,2.83
Q24_1,D3261,3.0
Q24_1,D3225,2.67
Q24_1,D6369,3.0
Q24_1,D8357,2.0
Q24_1,D3013,2.83
Q24_1,D10021,2.67
Q24_1,D2097,3.0
Q24_1,D10037,2.0
Q24_1,D10125,3.0
Q25_1,D9149,3.0
Q25_1,D3309,2.0
Q25_1,D7329,3.0
Q25_1,D2021,1.8
Q25_1,D10073,3.0
Q25_1,D10061,3.0
Q25_1,D3053,2.0
Q25_1,D1141,2.0
Q25_1,D9165,3.0
Q25_1,D8285,2.0
Q25_1,D10029,3.0
Q25_1,D5289,3.0
Q25_1,D8301,1.5
Q25_1,D10241,2.67
Q25_1,D8077,1.67
Q25_1,D3101,2.0
Q25_1,D6345,2.0
Q26_1,D2213,3.0
Q26_1,D2305,3.0
Q26_1,D2049,2.0
Q26_1,D2053,2.0
Q26_1,D2057,2.0
Q26_1,D2061,2.0
Q26_1,D2065,2.0
Q26_1,D2073,2.0
Q26_1,D2081,2.0
Q26_1,D2085,2.0
Q26_1,D2093,2.0
Q26_1,D2101,2.0
Q26_1,D2105,2.0
Q26_1,D2113,2.0
Q26_1,D2121,2.0
Q26_1,D2129,2.0
Q26_1,D2137,2.0
Q26_1,D2141,2.0
Q26_1,D2145,2.0
Q26_1,D2149,2.0
Q26_1,D2153,2.0
Q26_1,D2157,2.0
Q26_1,D2165,2.0
Q26_1,D2169,2.0
Q26_1,D2181,2.0
Q26_1,D2189,2.0
Q26_1,D7321,2.0
Q26_1,D2201,2.0
Q26_1,D2209,2.0
Q26_1,D2217,2.0
Q26_1,D9385,2.0
Q26_1,D2221,2.0
Q26_1,D2229,2.0
Q26_1,D2237,2.0
Q26_1,D2241,2.0
Q26_1,D2249,2.0
Q26_1,D2261,2.0
Q26_1,D2265,2.0
Q26_1,D2269,2.0
Q26_1,D2281,2.0
Q26_1,D2289,2.0
Q26_1,D2297,2.0
Q26_1,D2309,2.0
Q26_1,D2317,2.0
Q26_1,D2321,2.0
Q26_1,D10009,2.0
Q26_1,D2329,2.0
Q26_1,D2333,2.0
Q26_1,D2341,2.0
Q26_1,D2345,2.0
Q26_1,D2353,2.0
Q26_1,D2365,2.0
Q26_1,D2369,2.0
Q26_1,D2377,2.0
Q26_1,D2381,2.0
Q26_1,D2385,2.0
Q26_1,D2389,2.0
Q26_1,D2001,2.0
Q26_1,D2005,2.0
Q26_1,D2009,2.0
Q26_1,D2021,2.0
Q26_1,D2025,2.0
Q26_1,D2029,2.0
Q26_1,D2033,2.0
Q26_1,D2037,2.0
Q26_1,D2089,2.0
Q26_1,D2077,2.0
Q26_1,D2393,2.0
Q26_1,D2233,2.0
Q26_1,D2245,2.0
Q26_1,D2117,2.0
Q26_1,D2133,2.0
Q26_1,D2069,2.0
Q26_1,D2373,2.0
Q26_1,D2125,2.0
Q26_1,D2361,2.0
Q26_1,D2253,2.0
Q26_1,D2045,2.0
Q26_1,D2349,2.0
Q26_1,D2197,2.0
Q26_1,D2293,2.0
Q26_1,D2041,2.0
Q26_1,D2205,2.0
Q26_1,D2397,2.0
Q26_1,D2357,2.0
Q26_1,D2337,2.0
Q26_1,D2173,2.0
Q26_1,D2017,2.0
Q26_1,D2301,2.0
Q1_2,D3,3.0
Q1_2,D847,2.0
Q1_2,D787,2.6
Q1_2,D8041,2.0
Q1_2,D10389,2.0
Q2_2,D6,2.2
Q2_2,D14,3.0
Q2_2,D747,2.0
Q2_2,D1,2.0
Q2_2,D15,2.0
Q2_2,D813,2.0
Q2_2,D5,2.0
Q2_2,D7273,2.0
Q2_2,D5221,2.0
Q2_2,D2013,2.0
Q2_2,D734,2.0
Q2_2,D6221,2.0
Q2_2,D6201,2.0
Q2_2,D6069,2.0
Q2_2,D6189,2.0
Q2_2,D2213,2.0
Q2_2,D6393,2.0
Q2_2,D2333,2.0
Q2_2,D10389,2.0
Q2_2,D4237,2.0
Q2_2,D5241,2.0
Q2_2,D1149,1.8
Q2_2,D2169,1.8
Q2_2,D10077,1.2
Q2_2,D1117,1.8
Q2_2,D2061,1.8
Q2_2,D6361,1.62
Q2_2,D5225,2.0
Q2_2,D5285,1.8
Q2_2,D2073,1.8
Q2_2,D5265,2.0
Q2_2,D4233,1.8
Q2_2,D5321,1.83
Q2_2,D884,1.71
Q2_2,D888,2.43
Q2_2,D7,1.2
Q2_2,D774,2.6
Q2_2,D877,3.0
Q2_2,D874,2.0
Q2_2,D2309,2.0
Q2_2,D10377,2.0
Q2_2,D1165,2.0
Q2_2,D2189,2.0
Q2_2,D10205,2.0
Q3_2,D764,3.0
Q3_2,D752,3.0
Q3_2,D811,2.6
Q3_2,D801,2.0
Q3_2,D14,3.0
Q3_2,D826,3.0
Q3_2,D786,2.0
Q3_2,D747,3.0
Q3_2,D843,2.0
Q3_2,D839,3.0
Q3_2,D864,2.0
Q3_2,D859,2.2
Q3_2,D857,2.0
Q3_2,D867,2.0
Q3_2,D10045,2.0
Q3_2,D10285,2.0
Q3_2,D797,2.0
Q3_2,D7041,2.0
Q3_2,D1117,2.0
Q3_2,D7205,2.0
Q3_2,D2137,1.17
Q3_2,D9045,2.0
Q3_2,D7,2.4
Q3_2,D781,1.8
Q3_2,D774,2.8
Q3_2,D763,2.2
Q3_2,D16,2.0
Q3_2,D780,3.0
Q3_2,D788,2.0
Q3_2,D745,2.0
Q3_2,D731,2.0
Q4_2,D890,2.0
Q4_2,D818,2.0
Q4_2,D6,2.0
Q4_2,D14,2.0
Q4_2,D826,2.0
Q4_2,D829,2.0
Q4_2,D3,2.0
Q4_2,D778,2.0
Q4_2,D861,2.0
Q4_2,D853,2.0
Q4_2,D9,2.0
Q4_2,D843,2.0
Q4_2,D835,2.0
Q4_2,D761,3.0
Q4_2,D5,2.0
Q4_2,D749,2.0
Q4_2,D1073,2.0
Q4_2,D889,1.71
Q4_2,D6369,1.33
Q4_2,D8357,1.33
Q4_2,D3013,1.33
Q4_2,D11,1.8
Q4_2,D888,1.71
Q4_2,D4,1.71
Q4_2,D10021,1.17
Q4_2,D874,2.0
Q4_2,D10297,2.0
Q4_2,D759,2.0
Q4_2,D10221,2.0
Q4_2,D735,2.0
Q5_2,D854,2.0
Q5_2,D10077,1.8
Q5_2,D8105,1.83
Q5_2,D784,1.71
Q5_2,D887,2.0
Q5_2,D762,3.0
Q5_2,D781,2.0
Q6_2,D764,3.0
Q6_2,D6,2.0
Q6_2,D786,2.0
Q6_2,D828,2.0
Q6_2,D759,2.0
Q6_2,D806,3.0
Q6_2,D813,2.0
Q6_2,D8,3.0
Q6_2,D740,3.0
Q6_2,D791,1.2
Q6_2,D784,1.71
Q6_2,D10065,1.5
Q6_2,D783,2.0
Q7_2,D793,2.0
Q7_2,D811,2.0
Q7_2,D738,2.0
Q7_2,D816,2.0
Q7_2,D841,2.0
Q7_2,D771,3.0
Q7_2,D728,2.0
Q7_2,D825,2.0
Q7_2,D800,2.0
Q7_2,D727,2.0
Q7_2,D10189,3.0
Q7_2,D5181,2.0
Q7_2,D1317,1.2
Q7_2,D5261,2.0
Q7_2,D3169,1.2
Q7_2,D10349,1.8
Q7_2,D10241,1.33
Q7_2,D884,2.0
Q7_2,D731,1.4
Q7_2,D809,2.2
Q7_2,D886,2.0
Q7_2,D881,2.43
Q7_2,D832,2.0
Q8_2,D9325,2.0
Q8_2,D9305,2.0
Q8_2,D9297,2.0
Q8_2,D9037,2.0
Q8_2,D9241,3.0
Q8_2,D10129,2.0
Q8_2,D9357,3.0
Q8_2,D9225,3.0
Q8_2,D10245,2.0
Q8_2,D10113,2.0
Q8_2,D5305,2.0
Q8_2,D9301,2.4
Q8_2,D9057,3.0
Q8_2,D9053,3.0
Q8_2,D9205,1.8
Q8_2,D9237,2.0
Q8_2,D9233,3.0
Q8_2,D10013,2.0
Q8_2,D5065,2.0
Q8_2,D10153,1.5
Q8_2,D9373,3.0
Q8_2,D9309,2.83
Q8_2,D9045,2.17
Q8_2,D9317,2.0
Q8_2,D9393,2.83
Q8_2,D8333,2.83
Q8_2,D864,2.0
Q8_2,D3029,2.0
Q8_2,D4161,2.0
Q9_2,D4321,2.0
Q9_2,D4305,2.0
Q9_2,D3373,2.0
Q9_2,D7181,2.0
Q9_2,D4133,2.0
Q9_2,D10105,3.0
Q9_2,D8025,2.0
Q9_2,D4037,3.0
Q9_2,D2229,1.2
Q9_2,D5005,2.0
Q9_2,D10121,3.0
Q9_2,D8285,2.2
Q9_2,D6025,1.8
Q9_2,D10145,2.83
Q9_2,D4273,2.67
Q9_2,D9177,2.0
Q9_2,D10157,2.0
Q9_2,D784,2.0
Q9_2,D10353,2.0
Q9_2,D3193,2.0
Q10_2,D7357,2.0
Q10_2,D4201,2.0
Q10_2,D7393,2.0
Q10_2,D3077,2.0
Q10_2,D4061,3.0
Q10_2,D4169,3.0
Q10_2,D7397,2.0
Q10_2,D3145,2.0
Q10_2,D2037,1.2
Q10_2,D5365,2.0
Q10_2,D808,2.0
Q10_2,D783,2.0
Q10_2,D3201,2.0
Q10_2,D7193,2.0
Q11_2,D7113,2.0
Q11_2,D7269,2.0
Q11_2,D7057,2.0
Q11_2,D7025,2.0
Q11_2,D7121,3.0
Q11_2,D7021,2.0
Q11_2,D7209,2.0
Q11_2,D7237,2.0
Q11_2,D7061,3.0
Q11_2,D4133,2.0
Q11_2,D7073,1.25
Q11_2,D7017,3.0
Q11_2,D4273,3.0
Q12_2,D6385,2.0
Q12_2,D5101,2.0
Q12_2,D6089,2.0
Q12_2,D8233,2.0
Q12_2,D8229,2.0
Q12_2,D5145,2.0
Q12_2,D6257,2.0
Q12_2,D6193,2.0
Q12_2,D1297,2.0
Q12_2,D8269,3.0
Q12_2,D6081,3.0
Q12_2,D3121,1.2
Q12_2,D6357,2.0
Q12_2,D8045,2.6
Q12_2,D6185,1.2
Q12_2,D8205,1.8
Q12_2,D10149,2.0
Q12_2,D10301,1.17
Q12_2,D8145,1.2
Q12_2,D10349,2.0
Q12_2,D7145,1.5
Q12_2,D8161,1.5
Q12_2,D6029,2.67
Q12_2,D8245,1.83
Q12_2,D7033,2.0
Q12_2,D3073,2.0
Q12_2,D7213,2.0
Q13_2,D2281,2.0
Q13_2,D2289,2.0
Q13_2,D2269,2.0
Q13_2,D2301,2.0
Q13_2,D2221,2.0
Q13_2,D2361,2.0
Q13_2,D2181,2.0
Q13_2,D2377,2.0
Q13_2,D2205,2.0
Q13_2,D2045,2.0
Q13_2,D2089,2.0
Q13_2,D2117,3.0
Q13_2,D2017,3.0
Q13_2,D2069,2.0
Q13_2,D2153,2.0
Q13_2,D2225,2.0
Q14_2,D14,2.0
Q14_2,D15,2.0
Q14_2,D5345,2.0
Q14_2,D5209,2.0
Q14_2,D1089,2.0
Q14_2,D1205,3.0
Q14_2,D5245,2.0
Q14_2,D8361,2.0
Q14_2,D5197,2.0
Q14_2,D5301,2.0
Q14_2,D5397,2.0
Q14_2,D1229,2.0
Q14_2,D8281,1.2
Q14_2,D8381,2.0
Q14_2,D8253,2.0
Q14_2,D1013,2.0
Q14_2,D8305,1.83
Q14_2,D777,1.2
Q14_2,D5085,3.0
Q14_2,D5389,2.0
Q14_2,D743,2.0
Q15_2,D848,2.0
Q15_2,D2337,2.0
Q15_2,D5373,2.0
Q15_2,D2201,2.0
Q15_2,D2165,2.0
Q15_2,D2265,2.0
Q15_2,D2001,2.0
Q15_2,D2129,2.0
Q15_2,D2345,2.0
Q15_2,D2053,2.0
Q15_2,D2261,2.8
Q15_2,D2233,2.6
Q15_2,D2305,2.0
Q15_2,D2041,3.0
Q15_2,D2269,2.0
Q15_2,D2301,2.0
Q15_2,D2221,2.0
Q15_2,D2361,2.0
Q15_2,D2133,2.0
Q15_2,D2101,2.0
Q15_2,D2137,2.17
Q15_2,D2329,2.17
Q15_2,D8205,1.2
Q15_2,D2377,2.0
Q15_2,D2309,2.0
Q15_2,D2205,2.0
Q15_2,D2045,2.0
Q15_2,D2089,3.0
Q15_2,D2153,2.67
Q15_2,D10009,2.0
Q15_2,D2285,2.0
Q15_2,D2173,2.0
Q16_2,D770,2.0
Q16_2,D6,2.0
Q16_2,D788,1.2
Q16_2,D10305,1.6
Q16_2,D4025,2.0
Q16_2,D4141,1.2
Q16_2,D7353,2.0
Q16_2,D9021,3.0
Q16_2,D10001,3.0
Q16_2,D10153,2.0
Q16_2,D2137,1.33
Q16_2,D2329,1.33
Q16_2,D10125,1.14
Q16_2,D10145,2.0
Q16_2,D10345,1.5
Q16_2,D10181,1.33
Q16_2,D4,1.71
Q16_2,D9069,1.67
Q16_2,D10397,2.0
Q17_2,D6261,3.0
Q17_2,D6237,3.0
Q17_2,D6177,3.0
Q17_2,D1349,2.8
Q17_2,D6205,3.0
Q17_2,D3385,2.0
Q17_2,D3049,2.0
Q17_2,D7025,2.0
Q17_2,D1025,2.0
Q17_2,D6013,3.0
Q17_2,D6001,3.0
Q17_2,D6121,3.0
Q17_2,D6241,3.0
Q17_2,D6057,3.0
Q17_2,D6169,3.0
Q17_2,D6289,3.0
Q17_2,D6085,2.0
Q17_2,D6381,3.0
Q17_2,D6225,2.0
Q17_2,D8093,1.8
Q17_2,D6049,2.83
Q17_2,D6025,2.0
Q17_2,D6281,3.0
Q18_2,D799,2.0
Q18_2,D10185,2.0
Q18_2,D10321,2.0
Q18_2,D5297,1.8
Q18_2,D8025,2.0
Q18_2,D10353,3.0
Q18_2,D4037,2.0
Q18_2,D2229,1.8
Q18_2,D5005,2.0
Q18_2,D10121,2.0
Q18_2,D6033,1.5
Q18_2,D8285,2.2
Q18_2,D10145,2.83
Q18_2,D5029,1.2
Q18_2,D10181,2.83
Q18_2,D9129,1.57
Q18_2,D10065,1.62
Q18_2,D4273,2.0
Q18_2,D863,2.0
Q19_2,D752,1.2
Q19_2,D14,2.0
Q19_2,D814,2.0
Q19_2,D820,2.0
Q19_2,D745,1.2
Q19_2,D3325,1.2
Q19_2,D7337,2.0
Q19_2,D1249,2.0
Q19_2,D10213,3.0
Q19_2,D5149,2.0
Q19_2,D5169,2.2
Q19_2,D7149,2.0
Q19_2,D10209,1.29
Q19_2,D7217,1.11
Q19_2,D8093,1.2
Q19_2,D7073,1.25
Q19_2,D7049,3.0
Q19_2,D889,1.71
Q19_2,D884,1.71
Q19_2,D780,1.2
Q19_2,D7085,2.29
Q19_2,D881,1.71
Q19_2,D7069,3.0
Q19_2,D8377,2.0
Q19_2,D8153,3.0
Q19_2,D8229,2.0
Q19_2,D5045,2.0
Q19_2,D8353,2.0
Q19_2,D8073,2.0
Q19_2,D8109,2.0
Q20_2,D814,2.0
Q20_2,D820,2.0
Q20_2,D851,2.0
Q20_2,D9189,3.0
Q20_2,D9205,2.2
Q20_2,D9013,2.0
Q20_2,D10209,1.71
Q20_2,D889,1.71
Q20_2,D884,1.86
Q20_2,D4,1.71
Q20_2,D7085,1.57
Q20_2,D881,1.71
Q20_2,D8249,2.0
Q20_2,D8025,2.0
Q20_2,D5253,2.0
Q20_2,D1333,2.0
Q20_2,D9041,2.0
Q21_2,D8053,2.0
Q21_2,D8049,2.0
Q21_2,D6285,2.0
Q21_2,D8009,2.0
Q21_2,D10393,2.0
Q21_2,D6009,3.0
Q21_2,D10297,2.0
Q21_2,D6245,3.0
Q21_2,D10353,2.0
Q21_2,D3157,1.2
Q21_2,D1029,2.0
Q21_2,D6145,2.0
Q21_2,D8205,2.2
Q21_2,D10125,2.14
Q21_2,D8037,2.0
Q21_2,D10145,2.0
Q21_2,D8333,2.5
Q21_2,D10065,2.12
Q21_2,D6093,2.0
Q21_2,D8217,3.0
Q21_2,D10193,2.0
Q21_2,D6157,3.0
Q21_2,D6033,2.0
Q21_2,D10301,3.0
Q22_2,D6205,3.0
Q22_2,D6297,3.0
Q22_2,D6013,3.0
Q22_2,D6001,3.0
Q22_2,D6121,3.0
Q22_2,D6241,3.0
Q22_2,D6057,3.0
Q22_2,D6169,3.0
Q22_2,D6289,3.0
Q22_2,D6085,2.0
Q22_2,D6381,3.0
Q22_2,D6225,2.0
Q22_2,D8093,1.2
Q22_2,D6049,3.0
Q22_2,D6025,3.0
Q22_2,D6237,3.0
Q22_2,D6281,3.0
Q23_2,D798,2.0
Q23_2,D7165,2.0
Q23_2,D9077,2.0
Q23_2,D6081,1.8
Q23_2,D1293,1.8
Q23_2,D9237,1.8
Q23_2,D3157,1.2
Q23_2,D6145,3.0
Q23_2,D10349,1.8
Q23_2,D6029,2.0
Q23_2,D9069,1.22
Q23_2,D8333,2.0
Q24_2,D770,2.0
Q24_2,D8,2.0
Q24_2,D779,2.0
Q24_2,D10037,2.0
Q24_2,D6077,3.0
Q24_2,D6113,2.8
Q24_2,D10301,2.83
Q24_2,D3261,3.0
Q24_2,D3225,2.67
Q24_2,D6369,3.0
Q24_2,D3013,2.83
Q24_2,D10021,2.67
Q24_2,D8357,2.0
Q24_2,D10141,2.0
Q24_2,D10125,3.0
Q24_2,D3393,3.0
Q25_2,D811,2.2
Q25_2,D772,2.0
Q25_2,D817,2.0
Q25_2,D837,2.0
Q25_2,D3309,2.0
Q25_2,D10073,3.0
Q25_2,D10061,3.0
Q25_2,D2109,1.2
Q25_2,D3053,2.0
Q25_2,D9165,3.0
Q25_2,D2329,1.17
Q25_2,D8285,1.8
Q25_2,D10029,3.0
Q25_2,D5289,3.0
Q25_2,D8301,1.5
Q25_2,D10241,2.67
Q25_2,D6369,2.5
Q25_2,D8077,1.67
Q25_2,D7329,2.0
Q25_2,D9149,2.0
Q25_2,D3025,2.0
Q26_2,D2213,3.0
Q26_2,D2305,3.0
Q26_2,D2049,2.0
Q26_2,D2053,2.0
Q26_2,D2057,2.0
Q26_2,D2061,2.0
Q26_2,D2065,2.0
Q26_2,D2073,2.0
Q26_2,D2081,2.0
Q26_2,D2085,2.0
Q26_2,D2093,2.0
Q26_2,D2101,2.0
Q26_2,D2105,2.0
Q26_2,D2113,2.0
Q26_2,D2121,2.0
Q26_2,D2129,2.0
Q26_2,D2137,2.0
Q26_2,D2141,2.0
Q26_2,D2145,2.0
Q26_2,D2149,2.0
Q26_2,D2153,2.0
Q26_2,D2157,2.0
Q26_2,D2165,2.0
Q26_2,D2169,2.0
Q26_2,D2181,2.0
Q26_2,D2189,2.0
Q26_2,D7321,2.0
Q26_2,D2201,2.0
Q26_2,D2209,2.0
Q26_2,D2217,2.0
Q26_2,D9385,2.0
Q26_2,D2221,2.0
Q26_2,D2229,2.0
Q26_2,D2237,2.0
Q26_2,D2241,2.0
Q26_2,D2249,2.0
Q26_2,D2261,2.0
Q26_2,D2265,2.0
Q26_2,D2269,2.0
Q26_2,D2281,2.0
Q26_2,D2289,2.0
Q26_2,D2297,2.0
Q26_2,D2309,2.0
Q26_2,D2317,2.0
Q26_2,D2321,2.0
Q26_2,D10009,2.0
Q26_2,D2329,2.0
Q26_2,D2333,2.0
Q26_2,D2341,2.0
Q26_2,D2345,2.0
Q26_2,D2353,2.0
Q26_2,D2365,2.0
Q26_2,D2369,2.0
Q26_2,D2377,2.0
Q26_2,D2381,2.0
Q26_2,D2385,2.0
Q26_2,D2389,2.0
Q26_2,D2001,2.0
Q26_2,D2005,2.0
Q26_2,D2009,2.0
Q26_2,D2021,2.0
Q26_2,D2025,2.0
Q26_2,D2029,2.0
Q26_2,D2033,2.0
Q26_2,D2037,2.0
Q26_2,D2089,2.0
Q26_2,D2077,2.0
Q26_2,D2393,2.0
Q26_2,D2233,2.0
Q26_2,D2245,2.0
Q26_2,D2117,2.0
Q26_2,D2133,2.0
Q26_2,D2069,2.0
Q26_2,D2373,2.0
Q26_2,D2125,2.0
Q26_2,D2361,2.0
Q26_2,D2253,2.0
Q26_2,D2045,2.0
Q26_2,D2349,2.0
Q26_2,D2197,2.0
Q26_2,D2293,2.0
Q26_2,D2041,2.0
Q26_2,D2205,2.0
Q26_2,D2397,2.0
Q26_2,D2357,2.0
Q26_2,D2337,2.0
Q26_2,D2173,2.0
Q26_2,D2017,2.0
Q26_2,D2301,2.0
Q1_3,D890,2.2
Q1_3,D12,3.0
Q1_3,D756,2.0
Q1_3,D816,2.0
Q1_3,D1,3.0
Q1_3,D812,2.0
Q1_3,D841,2.0
Q1_3,D882,3.0
Q1_3,D745,2.0
Q1_3,D743,2.0
Q1_3,D735,2.0
Q1_3,D4313,2.0
Q1_3,D10289,1.83
Q1_3,D787,2.0
Q1_3,D884,1.71
Q1_3,D888,1.71
Q1_3,D767,3.0
Q1_3,D744,2.0
Q1_3,D820,2.0
Q1_3,D792,2.0
Q2_3,D796,3.0
Q2_3,D798,2.0
Q2_3,D811,2.2
Q2_3,D776,2.2
Q2_3,D754,2.2
Q2_3,D840,2.0
Q2_3,D772,2.0
Q2_3,D844,2.0
Q2_3,D883,3.0
Q2_3,D817,1.2
Q2_3,D864,2.0
Q2_3,D837,2.0
Q2_3,D4349,2.0
Q2_3,D3165,2.0
Q2_3,D845,3.0
Q2_3,D10261,2.2
Q2_3,D8297,2.0
Q2_3,D8269,2.0
Q2_3,D8201,2.0
Q2_3,D4389,2.0
Q2_3,D8381,1.2
Q2_3,D9005,2.8
Q2_3,D9001,2.0
Q2_3,D2329,1.83
Q2_3,D8169,2.17
Q2_3,D8305,2.17
Q2_3,D9393,1.17
Q2_3,D9353,2.0
Q2_3,D889,1.71
Q2_3,D888,2.43
Q2_3,D4,3.0
Q2_3,D763,2.0
Q2_3,D783,2.0
Q2_3,D3357,2.0
Q2_3,D755,2.0
Q3_3,D818,2.0
Q3_3,D801,2.0
Q3_3,D776,2.0
Q3_3,D770,2.0
Q3_3,D744,2.0
Q3_3,D769,2.0
Q3_3,D824,2.0
Q3_3,D821,3.0
Q3_3,D792,2.0
Q3_3,D2,2.0
Q3_3,D8341,2.0
Q3_3,D5381,2.0
Q3_3,D2185,2.0
Q3_3,D5349,2.0
Q3_3,D5233,1.2
Q3_3,D7253,2.0
Q3_3,D5273,2.0
Q3_3,D784,1.71
Q3_3,D888,2.43
Q3_3,D781,1.4
Q3_3,D763,2.0
Q3_3,D808,2.0
Q3_3,D5353,2.0
Q4_3,D890,2.0
Q4_3,D776,2.0
Q4_3,D754,2.0
Q4_3,D829,2.0
Q4_3,D778,2.0
Q4_3,D819,2.0
Q4_3,D812,2.0
Q4_3,D806,2.0
Q4_3,D727,1.2
Q4_3,D751,3.0
Q4_3,D766,2.0
Q4_3,D10033,2.0
Q4_3,D803,2.0
Q4_3,D1161,2.0
Q4_3,D10377,2.0
Q4_3,D7097,2.0
Q4_3,D2157,2.0
Q4_3,D7201,2.0
Q4_3,D7253,1.17
Q4_3,D777,2.0
Q4_3,D888,1.71
Q4_3,D731,1.2
Q4_3,D833,2.0
Q4_3,D788,2.0
Q5_3,D764,2.0
Q5_3,D772,2.0
Q5_3,D756,3.0
Q5_3,D9041,1.6
Q5_3,D4029,2.0
Q5_3,D2077,1.2
Q5_3,D5133,2.0
Q5_3,D3265,2.0
Q5_3,D2293,2.0
Q5_3,D774,2.6
Q5_3,D7341,1.25
Q5_3,D767,1.2
Q5_3,D9069,1.11
Q5_3,D4373,2.0
Q5_3,D747,2.0
Q6_3,D796,1.2
Q6_3,D744,2.0
Q6_3,D789,2.0
Q6_3,D782,2.0
Q6_3,D761,3.0
Q6_3,D7153,2.0
Q6_3,D8121,2.0
Q6_3,D7093,2.0
Q6_3,D9245,1.6
Q6_3,D7209,2.0
Q6_3,D7281,1.8
Q6_3,D791,1.8
Q6_3,D9393,1.17
Q6_3,D4,1.71
Q6_3,D767,2.0
Q6_3,D773,2.0
Q6_3,D4381,2.0
Q7_3,D818,2.2
Q7_3,D811,2.0
Q7_3,D832,2.0
Q7_3,D828,2.0
Q7_3,D757,2.0
Q7_3,D816,3.0
Q7_3,D812,2.0
Q7_3,D831,2.0
Q7_3,D728,2.0
Q7_3,D825,2.0
Q7_3,D10361,1.2
Q7_3,D763,3.0
Q7_3,D808,2.0
Q7_3,D16,2.0
Q7_3,D790,3.0
Q7_3,D764,3.0
Q8_3,D5117,2.0
Q8_3,D1101,2.0
Q8_3,D1085,1.8
Q8_3,D8141,2.0
Q8_3,D9273,2.0
Q8_3,D2021,1.2
Q8_3,D5037,2.0
Q8_3,D1001,3.0
Q8_3,D1237,3.0
Q8_3,D8001,1.8
Q8_3,D6185,2.2
Q8_3,D8257,2.0
Q8_3,D10125,1.14
Q8_3,D1253,2.0
Q8_3,D7197,2.0
Q8_3,D5273,2.0
Q8_3,D7145,1.5
Q8_3,D8193,1.67
Q8_3,D8185,1.17
Q8_3,D7017,1.5
Q8_3,D1093,2.0
Q8_3,D1209,2.0
Q9_3,D770,2.2
Q9_3,D823,1.8
Q9_3,D4345,2.0
Q9_3,D6293,2.0
Q9_3,D7309,2.0
Q9_3,D5397,2.2
Q9_3,D1037,2.0
Q9_3,D1229,3.0
Q9_3,D8281,2.0
Q9_3,D10005,2.0
Q9_3,D8253,2.0
Q9_3,D2133,1.8
Q9_3,D1013,3.0
Q9_3,D3225,1.83
Q9_3,D5085,2.8
Q9_3,D2069,1.67
Q9_3,D9397,2.0
Q10_3,D1021,3.0
Q10_3,D1181,2.0
Q10_3,D9221,2.0
Q10_3,D1345,3.0
Q10_3,D8217,3.0
Q10_3,D8325,2.0
Q10_3,D1057,3.0
Q10_3,D5369,2.0
Q10_3,D10157,2.0
Q10_3,D8385,2.0
Q10_3,D6149,1.4
Q10_3,D8369,2.2
Q10_3,D5253,2.4
Q10_3,D8357,2.0
Q10_3,D5089,2.0
Q10_3,D6061,2.0
Q10_3,D5373,2.0
Q11_3,D770,2.0
Q11_3,D1365,2.0
Q11_3,D7353,1.2
Q11_3,D8057,2.2
Q11_3,D7061,2.0
Q11_3,D4133,1.8
Q11_3,D10105,3.0
Q11_3,D4037,2.0
Q11_3,D10153,1.67
Q11_3,D10121,3.0
Q11_3,D6041,3.0
Q11_3,D6225,2.8
Q11_3,D10125,1.57
Q11_3,D3261,2.0
Q11_3,D10145,2.83
Q11_3,D10345,1.83
Q11_3,D10181,2.17
Q11_3,D4273,2.0
Q11_3,D7017,2.12
Q11_3,D6093,2.0
Q11_3,D4321,2.0
Q11_3,D7213,2.0
Q11_3,D8205,2.0
Q11_3,D3225,2.0
Q12_3,D737,2.0
Q12_3,D1261,1.6
Q12_3,D1385,1.2
Q12_3,D3153,2.0
Q12_3,D7221,2.0
Q12_3,D9257,1.2
Q12_3,D4121,1.2
Q12_3,D3345,2.0
Q12_3,D3217,1.4
Q12_3,D6277,2.0
Q12_3,D3205,2.0
Q12_3,D3393,2.0
Q12_3,D3273,2.0
Q12_3,D3369,2.0
Q12_3,D1093,2.0
Q12_3,D6037,3.0
Q12_3,D10161,1.2
Q12_3,D8265,2.8
Q12_3,D3061,2.17
Q12_3,D8161,1.33
Q12_3,D3381,2.0
Q13_3,D824,2.0
Q13_3,D6105,1.2
Q13_3,D7301,2.0
Q13_3,D7245,2.0
Q13_3,D6101,1.8
Q13_3,D1337,1.2
Q13_3,D7317,2.0
Q13_3,D7389,2.0
Q13_3,D7109,1.8
Q13_3,D7077,2.0
Q13_3,D10233,2.0
Q13_3,D7061,1.2
Q13_3,D7257,2.0
Q13_3,D1001,2.0
Q13_3,D8001,1.8
Q13_3,D3321,2.0
Q13_3,D7197,2.0
Q13_3,D5273,2.0
Q13_3,D9025,2.0
Q13_3,D5281,1.33
Q13_3,D8369,1.4
Q13_3,D7145,1.83
Q13_3,D8161,1.5
Q13_3,D8193,1.33
Q13_3,D7081,3.0
Q13_3,D8245,1.17
Q13_3,D7017,2.38
Q13_3,D5213,2.0
Q13_3,D7133,2.0
Q13_3,D8185,2.0
Q13_3,D7113,2.0
Q14_3,D9081,1.2
Q14_3,D9065,3.0
Q14_3,D7369,2.0
Q14_3,D8353,2.0
Q14_3,D7297,2.0
Q14_3,D2249,2.0
Q14_3,D7329,2.0
Q14_3,D4369,1.2
Q14_3,D9229,2.0
Q14_3,D2129,2.0
Q14_3,D7333,2.0
Q14_3,D9101,2.0
Q14_3,D9093,2.0
Q14_3,D7013,2.0
Q14_3,D9161,3.0
Q14_3,D8309,2.0
Q14_3,D7197,2.0
Q14_3,D9317,2.8
Q14_3,D9393,1.33
Q14_3,D7145,1.33
Q14_3,D8333,1.33
Q14_3,D10241,1.33
Q14_3,D2069,1.33
Q14_3,D7341,1.75
Q14_3,D9293,2.0
Q14_3,D9333,2.0
Q15_3,D2125,2.0
Q15_3,D3249,2.0
Q15_3,D9385,2.0
Q15_3,D2177,2.2
Q15_3,D2273,2.0
Q15_3,D8337,2.0
Q15_3,D8289,2.0
Q15_3,D2061,3.0
Q15_3,D2113,2.0
Q15_3,D10157,1.8
Q15_3,D2073,2.0
Q15_3,D8165,2.0
Q15_3,D6157,1.2
Q15_3,D3069,1.8
Q15_3,D4125,1.83
Q15_3,D6093,1.6
Q15_3,D6033,1.67
Q15_3,D2025,3.0
Q15_3,D6149,1.2
Q15_3,D8301,1.88
Q15_3,D3261,2.0
Q15_3,D3225,1.83
Q15_3,D8333,1.33
Q15_3,D10345,1.5
Q15_3,D2077,2.0
Q15_3,D8205,2.0
Q15_3,D10193,2.0
Q16_3,D811,2.2
Q16_3,D6229,3.0
Q16_3,D7241,2.0
Q16_3,D8177,3.0
Q16_3,D8157,3.0
Q16_3,D6293,3.0
Q16_3,D8201,3.0
Q16_3,D6353,1.8
Q16_3,D8057,2.0
Q16_3,D7109,2.0
Q16_3,D8309,1.33
Q16_3,D8065,2.0
Q16_3,D8169,2.0
Q16_3,D8117,2.0
Q16_3,D10145,1.17
Q16_3,D8193,2.17
Q16_3,D8185,2.83
Q17_3,D3,2.0
Q17_3,D4217,2.0
Q17_3,D3293,2.0
Q17_3,D10273,2.0
Q17_3,D1241,2.0
Q17_3,D5173,2.0
Q17_3,D7309,2.0
Q17_3,D3285,2.0
Q17_3,D10101,1.6
Q17_3,D3005,2.0
Q17_3,D3289,2.0
Q17_3,D3009,3.0
Q17_3,D7105,1.83
Q17_3,D8145,2.0
Q17_3,D8161,1.83
Q17_3,D3113,2.0
Q18_3,D879,1.2
Q18_3,D835,1.2
Q18_3,D4073,1.2
Q18_3,D8177,2.0
Q18_3,D3265,2.0
Q18_3,D7237,2.0
Q18_3,D7033,2.0
Q18_3,D3025,3.0
Q18_3,D7217,1.56
Q18_3,D8169,1.17
Q18_3,D8093,1.4
Q18_3,D3245,2.0
Q18_3,D7073,2.5
Q18_3,D9169,2.17
Q18_3,D7361,1.4
Q18_3,D7145,2.17
Q18_3,D8193,1.33
Q18_3,D8185,2.0
Q18_3,D877,2.0
Q18_3,D885,2.0
Q18_3,D3357,2.0
Q18_3,D8025,2.0
Q18_3,D10033,2.0
Q18_3,D7381,2.0
Q18_3,D5341,2.0
Q18_3,D8125,2.0
Q18_3,D842,2.0
Q19_3,D2213,3.0
Q19_3,D2305,3.0
Q19_3,D2049,2.0
Q19_3,D2053,2.0
Q19_3,D2057,2.0
Q19_3,D2061,2.0
Q19_3,D2065,2.0
Q19_3,D2073,2.0
Q19_3,D2081,2.0
Q19_3,D2085,2.0
Q19_3,D2093,2.0
Q19_3,D2101,2.0
Q19_3,D2105,2.0
Q19_3,D2113,2.0
Q19_3,D2121,2.0
Q19_3,D2129,2.0
Q19_3,D2137,2.0
Q19_3,D2141,2.0
Q19_3,D2145,2.0
Q19_3,D2149,2.0
Q19_3,D2153,2.0
Q19_3,D2157,2.0
Q19_3,D2165,2.0
Q19_3,D2169,2.0
Q19_3,D2181,2.0
Q19_3,D2189,2.0
Q19_3,D7321,2.0
Q19_3,D2201,2.0
Q19_3,D2209,2.0
Q19_3,D2217,2.0
Q19_3,D9385,2.0
Q19_3,D2221,2.0
Q19_3,D2229,2.0
Q19_3,D2237,2.0
Q19_3,D2241,2.0
Q19_3,D2249,2.0
Q19_3,D2261,2.0
Q19_3,D2265,2.0
Q19_3,D2269,2.0
Q19_3,D2281,2.0
Q19_3,D2289,2.0
Q19_3,D2297,2.0
Q19_3,D2309,2.0
Q19_3,D2317,2.0
Q19_3,D2321,2.0
Q19_3,D10009,2.0
Q19_3,D2329,2.0
Q19_3,D2333,2.0
Q19_3,D2341,2.0
Q19_3,D2345,2.0
Q19_3,D2353,2.0
Q19_3,D2365,2.0
Q19_3,D2369,2.0
Q19_3,D2377,2.0
Q19_3,D2381,2.0
Q19_3,D2385,2.0
Q19_3,D2389,2.0
Q19_3,D2001,2.0
Q19_3,D2005,2.0
Q19_3,D2009,2.0
Q19_3,D2021,2.0
Q19_3,D2025,2.0
Q19_3,D2029,2.0
Q19_3,D2033,2.0
Q19_3,D2037,2.0
Q19_3,D2089,2.0
Q19_3,D2077,2.0
Q19_3,D2393,2.0
Q19_3,D2233,2.0
Q19_3,D2245,2.0
Q19_3,D2117,2.0
Q19_3,D2133,2.0
Q19_3,D2069,2.0
Q19_3,D2373,2.0
Q19_3,D2125,2.0
Q19_3,D2361,2.0
Q19_3,D2253,2.0
Q19_3,D2045,2.0
Q19_3,D2349,2.0
Q19_3,D2197,2.0
Q19_3,D2293,2.0
Q19_3,D2041,2.0
Q19_3,D2205,2.0
Q19_3,D2397,2.0
Q19_3,D2357,2.0
Q19_3,D2337,2.0
Q19_3,D2173,2.0
Q19_3,D2017,2.0
Q19_3,D2301,2.0
Q1_4,D826,1.6
Q1_4,D778,1.2
Q1_4,D738,1.4
Q1_4,D853,1.6
Q1_4,D9,2.0
Q1_4,D843,1.4
Q1_4,D806,2.0
Q1_4,D836,2.2
Q1_4,D730,2.0
Q1_4,D761,2.0
Q1_4,D792,2.0
Q1_4,D2,3.0
Q1_4,D809,2.0
Q1_4,D763,2.0
Q1_4,D769,2.0
Q1_4,D7141,1.2
Q1_4,D756,2.0
Q1_4,D856,1.2
Q1_4,D830,2.0
Q2_4,D770,3.0
Q2_4,D12,3.0
Q2_4,D753,2.0
Q2_4,D768,2.0
Q2_4,D2,3.0
Q3_4,D8033,1.4
Q3_4,D8197,1.8
Q3_4,D10161,1.2
Q3_4,D14,3.0
Q4_4,D811,1.4
Q4_4,D832,1.2
Q4_4,D828,2.0
Q4_4,D744,3.0
Q4_4,D812,2.0
Q4_4,D831,1.6
Q4_4,D728,1.2
Q4_4,D825,2.0
Q4_4,D10361,2.0
Q4_4,D808,1.2
Q4_4,D790,1.6
Q4_4,D10364,1.6
Q5_4,D755,3.0
Q5_4,D882,2.0
Q5_4,D6397,2.0
Q5_4,D6065,2.0
Q5_4,D6257,2.2
Q5_4,D6193,2.0
Q5_4,D5037,2.0
Q5_4,D5049,1.2
Q5_4,D10001,1.2
Q5_4,D9361,1.2
Q5_4,D5265,2.0
Q5_4,D6185,1.2
Q5_4,D6225,1.8
Q5_4,D3069,1.8
Q5_4,D5289,2.0
Q5_4,D1125,2.0
Q5_4,D8369,2.2
Q5_4,D783,2.0
Q5_4,D3225,2.0
Q6_4,D14,2.0
Q6_4,D832,2.0
Q6_4,D3,2.0
Q6_4,D875,2.0
Q6_4,D1373,2.0
Q6_4,D10053,2.0
Q6_4,D10257,2.0
Q6_4,D1105,2.0
Q6_4,D8225,2.0
Q6_4,D9229,2.0
Q6_4,D9361,2.0
Q6_4,D9381,2.0
Q6_4,D9161,1.17
Q6_4,D8309,2.17
Q6_4,D4125,1.83
Q6_4,D9317,2.0
Q6_4,D8221,2.0
Q6_4,D784,1.86
Q6_4,D889,1.71
Q6_4,D787,1.2
Q6_4,D4,1.71
Q6_4,D9129,1.86
Q6_4,D760,3.0
Q6_4,D876,2.0
Q6_4,D7085,1.14
Q6_4,D9069,1.11
Q6_4,D885,2.0
Q6_4,D881,1.71
Q6_4,D10141,2.0
Q7_4,D12,2.0
Q7_4,D840,2.0
Q7_4,D757,2.0
Q7_4,D814,2.0
Q7_4,D730,2.0
Q7_4,D810,2.0
Q7_4,D866,1.4
Q7_4,D873,2.0
Q7_4,D8017,2.0
Q7_4,D6345,2.0
Q7_4,D2245,2.0
Q7_4,D8125,3.0
Q7_4,D9141,2.0
Q7_4,D9125,2.0
Q7_4,D9117,1.4
Q7_4,D9109,2.0
Q7_4,D3213,2.0
Q7_4,D10293,2.0
Q7_4,D8157,2.0
Q7_4,D10221,1.4
Q7_4,D8285,1.2
Q7_4,D8185,1.33
Q7_4,D781,2.0
Q7_4,D878,2.6
Q7_4,D881,1.71
Q7_4,D8301,2.0
Q7_4,D732,2.0
Q7_4,D853,2.0
Q7_4,D763,3.0
Q8_4,D764,3.0
Q8_4,D796,1.4
Q8_4,D798,1.6
Q8_4,D776,1.4
Q8_4,D788,2.0
Q8_4,D829,2.0
Q8_4,D827,2.0
Q8_4,D875,3.0
Q8_4,D863,2.0
Q8_4,D805,2.0
Q8_4,D750,1.4
Q8_4,D868,1.6
Q8_4,D842,2.0
Q8_4,D3101,2.0
Q8_4,D777,1.8
Q8_4,D784,1.71
Q8_4,D884,1.71
Q8_4,D4,1.71
Q8_4,D760,2.0
Q8_4,D881,1.86
Q8_4,D783,2.0
Q8_4,D831,1.6
Q9_4,D755,2.0
Q9_4,D770,3.0
Q9_4,D748,1.8
Q9_4,D753,2.0
Q9_4,D1397,2.0
Q9_4,D3161,2.0
Q9_4,D7373,1.2
Q9_4,D9153,1.6
Q9_4,D4377,2.0
Q9_4,D10253,2.0
Q9_4,D9345,2.0
Q9_4,D2289,2.0
Q9_4,D3149,2.0
Q9_4,D746,2.0
Q9_4,D743,2.0
Q10_4,D811,2.2
Q10_4,D786,2.2
Q10_4,D828,2.0
Q10_4,D744,2.0
Q10_4,D863,2.0
Q10_4,D819,2.0
Q10_4,D753,2.0
Q10_4,D15,2.0
Q10_4,D834,2.0
Q10_4,D869,2.0
Q10_4,D800,1.2
Q10_4,D8,3.0
Q10_4,D792,2.0
Q10_4,D859,2.0
Q10_4,D743,2.0
Q10_4,D10165,2.0
Q10_4,D2165,2.0
Q10_4,D7185,2.27
Q10_4,D10289,1.83
Q10_4,D791,2.0
Q10_4,D777,2.0
Q10_4,D784,1.71
Q10_4,D787,1.6
Q10_4,D884,2.0
Q10_4,D11,1.6
Q10_4,D731,3.0
Q10_4,D4,1.86
Q10_4,D809,3.0
Q10_4,D775,1.4
Q10_4,D874,2.0
Q10_4,D833,2.0
Q10_4,D752,2.0
Q10_4,D7201,2.0
Q11_4,D10237,2.0
Q11_4,D5269,2.0
Q11_4,D5001,3.0
Q11_4,D5193,3.0
Q11_4,D5057,3.0
Q11_4,D5009,2.4
Q11_4,D5349,2.0
Q11_4,D5285,2.0
Q11_4,D5045,1.17
Q11_4,D5273,2.0
Q11_4,D4273,1.33
Q11_4,D7341,1.62
Q12_4,D5269,2.0
Q12_4,D5001,3.0
Q12_4,D5193,3.0
Q12_4,D5057,3.0
Q12_4,D3177,2.0
Q12_4,D3117,1.4
Q12_4,D5009,2.4
Q12_4,D5285,2.0
Q12_4,D10197,2.0
Q12_4,D5045,1.5
Q12_4,D8193,1.5
Q12_4,D4273,2.67
Q12_4,D7033,2.0
Q13_4,D2161,2.0
Q13_4,D5325,2.0
Q13_4,D2349,2.0
Q13_4,D3237,2.0
Q13_4,D2373,2.0
Q13_4,D6021,2.0
Q13_4,D3393,2.0
Q13_4,D1173,2.0
Q13_4,D4089,2.0
Q13_4,D10037,2.0
Q13_4,D1057,1.2
Q13_4,D5049,1.8
Q13_4,D2261,1.2
Q13_4,D2037,2.0
Q13_4,D5077,2.0
Q13_4,D9337,1.33
Q13_4,D5033,2.0
Q13_4,D3069,2.6
Q13_4,D8301,1.12
Q13_4,D3061,3.0
Q14_4,D2305,3.0
Q14_4,D2269,3.0
Q14_4,D2301,3.0
Q14_4,D2361,3.0
Q14_4,D2181,3.0
Q14_4,D5077,2.0
Q14_4,D2377,2.2
Q14_4,D2205,3.0
Q14_4,D2045,3.0
Q14_4,D2089,3.0
Q14_4,D2017,3.0
Q14_4,D2069,2.67
Q14_4,D2153,3.0
Q14_4,D740,2.0
Q15_4,D846,2.0
Q15_4,D9137,3.0
Q15_4,D9213,3.0
Q15_4,D9073,3.0
Q15_4,D9289,2.0
Q15_4,D9281,2.0
Q15_4,D9145,2.0
Q15_4,D3117,1.6
Q15_4,D6037,2.6
Q15_4,D8329,3.0
Q15_4,D10017,2.0
Q15_4,D9185,3.0
Q15_4,D8165,2.0
Q15_4,D8309,2.0
Q15_4,D9181,3.0
Q15_4,D9397,2.0
Q15_4,D9165,3.0
Q15_4,D8197,2.6
Q15_4,D2097,3.0
Q15_4,D9309,2.67
Q15_4,D9253,2.0
Q15_4,D9389,1.83
Q15_4,D8133,3.0
Q15_4,D10241,2.67
Q15_4,D1081,3.0
Q15_4,D9129,2.43
Q15_4,D783,2.0
Q15_4,D10125,3.0
Q15_4,D8069,3.0
Q15_4,D5217,3.0
Q15_4,D9221,2.0
Q16_4,D4061,3.0
Q16_4,D4169,2.0
Q16_4,D7397,2.0
Q16_4,D7001,2.0
Q16_4,D1029,1.8
Q16_4,D7217,1.67
Q16_4,D9025,2.0
Q16_4,D7133,2.0
Q16_4,D7165,3.0
Q16_4,D7361,2.0
Q16_4,D7109,2.0
Q16_4,D7317,2.0
Q16_4,D7301,2.0
Q16_4,D7357,2.0
Q16_4,D3117,2.0
Q16_4,D7045,2.0
Q16_4,D3265,2.0
Q16_4,D7085,2.0
Q16_4,D7113,2.0
Q17_4,D764,2.0
Q17_4,D811,2.0
Q17_4,D755,2.0
Q17_4,D801,2.0
Q17_4,D6,2.0
Q17_4,D744,2.0
Q17_4,D802,2.0
Q17_4,D830,2.0
Q17_4,D4085,3.0
Q17_4,D10225,3.0
Q17_4,D4329,2.0
Q17_4,D8149,2.0
Q17_4,D4049,2.0
Q17_4,D9017,2.0
Q17_4,D9121,3.0
Q17_4,D3361,2.0
Q17_4,D795,2.0
Q17_4,D10137,2.0
Q17_4,D4113,3.0
Q17_4,D10385,3.0
Q17_4,D7285,2.0
Q17_4,D10369,2.0
Q17_4,D7321,2.0
Q17_4,D8277,2.0
Q17_4,D4297,2.0
Q17_4,D8337,2.0
Q17_4,D4093,2.0
Q17_4,D4233,2.0
Q17_4,D10365,2.0
Q17_4,D8377,1.6
Q17_4,D4125,1.83
Q17_4,D6093,2.0
Q17_4,D6033,1.83
Q17_4,D7105,2.0
Q17_4,D2025,1.2
Q17_4,D8301,1.62
Q17_4,D3261,2.0
Q17_4,D9169,1.17
Q17_4,D8397,1.8
Q17_4,D7,2.0
Q17_4,D765,2.0
Q17_4,D762,2.0
Q17_4,D6249,2.0
Q17_4,D746,2.0
Q17_4,D2061,2.0
Q17_4,D10193,2.0
Q18_4,D798,2.0
Q18_4,D755,2.0
Q18_4,D801,3.0
Q18_4,D6133,3.0
Q18_4,D6125,3.0
Q18_4,D8345,2.0
Q18_4,D6161,2.0
Q18_4,D6065,3.0
Q18_4,D6389,2.0
Q18_4,D6337,3.0
Q18_4,D6309,2.2
Q18_4,D6165,3.0
Q18_4,D6109,3.0
Q18_4,D10393,3.0
Q18_4,D9237,1.8
Q18_4,D6245,3.0
Q18_4,D10281,3.0
Q18_4,D6041,2.0
Q18_4,D6113,3.0
Q18_4,D5033,2.0
Q18_4,D3069,2.0
Q18_4,D6093,2.8
Q18_4,D791,1.2
Q18_4,D777,2.0
Q18_4,D10029,3.0
Q18_4,D6149,2.8
Q18_4,D5281,1.33
Q18_4,D6369,2.83
Q18_4,D6029,2.67
Q18_4,D765,2.0
Q18_4,D9377,2.0
Q18_4,D8225,2.0
Q18_4,D1105,2.0
Q18_4,D3261,2.0
Q18_4,D6201,2.0
Q18_4,D6013,2.0
Q18_4,D6033,2.0
Q18_4,D8205,3.0
Q19_4,D9321,3.0
Q19_4,D10169,2.0
Q19_4,D8033,2.6
Q19_4,D8393,2.8
Q19_4,D7213,1.8
Q19_4,D9369,2.6
Q19_4,D9101,3.0
Q19_4,D9093,3.0
Q19_4,D1025,2.0
Q19_4,D9381,2.0
Q19_4,D8069,3.0
Q19_4,D9185,2.0
Q19_4,D8133,1.6
Q19_4,D8221,2.0
Q19_4,D8077,3.0
Q19_4,D9069,2.0
Q19_4,D8357,2.0
Q19_4,D9001,3.0
Q19_4,D10141,2.0
Q19_4,D7069,2.0
Q19_4,D9181,2.0
Q19_4,D10309,3.0
Q20_4,D4061,3.0
Q20_4,D4169,2.0
Q20_4,D7397,2.0
Q20_4,D7001,2.0
Q20_4,D1029,1.8
Q20_4,D7217,1.67
Q20_4,D9025,2.0
Q20_4,D7133,2.0
Q20_4,D7165,3.0
Q20_4,D7361,2.0
Q20_4,D7109,2.0
Q20_4,D7317,2.0
Q20_4,D7301,2.0
Q20_4,D7357,2.0
Q20_4,D3117,2.0
Q20_4,D7045,2.0
Q20_4,D3265,2.0
Q20_4,D7085,2.0
Q20_4,D7113,2.0
Q21_4,D5269,2.0
Q21_4,D5001,3.0
Q21_4,D5193,3.0
Q21_4,D5057,3.0
Q21_4,D5009,2.0
Q21_4,D5285,2.0
Q21_4,D5045,2.0
Q21_4,D4273,2.0
Q22_4,D5049,3.0
Q22_4,D5165,1.4
Q22_4,D6033,2.0
Q22_4,D6069,2.0
Q22_4,D6165,2.0
Q22_4,D6189,2.0
Q22_4,D6201,2.0
Q22_4,D6221,2.0
Q22_4,D6393,2.0
Q22_4,D8165,2.0
Q23_4,D2213,3.0
Q23_4,D2305,2.0
Q23_4,D2049,2.0
Q23_4,D2053,2.0
Q23_4,D2057,2.0
Q23_4,D2061,2.0
Q23_4,D2065,2.0
Q23_4,D2073,2.0
Q23_4,D2081,2.0
Q23_4,D2085,2.0
Q23_4,D2093,2.0
Q23_4,D2101,2.0
Q23_4,D2105,2.0
Q23_4,D2113,2.0
Q23_4,D2121,2.0
Q23_4,D2129,2.0
Q23_4,D2137,2.0
Q23_4,D2141,2.0
Q23_4,D2145,2.0
Q23_4,D2149,2.0
Q23_4,D2153,2.0
Q23_4,D2165,2.0
Q23_4,D2169,2.0
Q23_4,D2181,2.0
Q23_4,D2189,2.0
Q23_4,D7321,2.0
Q23_4,D2201,2.0
Q23_4,D2209,2.0
Q23_4,D2217,2.0
Q23_4,D9385,2.0
Q23_4,D2221,2.0
Q23_4,D2229,2.0
Q23_4,D2237,2.0
Q23_4,D2241,2.0
Q23_4,D2249,2.0
Q23_4,D2261,2.0
Q23_4,D2265,2.0
Q23_4,D2269,2.0
Q23_4,D2281,2.0
Q23_4,D2289,2.0
Q23_4,D2297,2.0
Q23_4,D2309,2.0
Q23_4,D2317,2.0
Q23_4,D2321,2.0
Q23_4,D10009,2.0
Q23_4,D2329,2.0
Q23_4,D2333,2.0
Q23_4,D2341,2.0
Q23_4,D2345,2.0
Q23_4,D2353,2.0
Q23_4,D2365,2.0
Q23_4,D2369,2.0
Q23_4,D2377,2.0
Q23_4,D2381,2.0
Q23_4,D2385,2.0
Q23_4,D2001,2.0
Q23_4,D2005,2.0
Q23_4,D2009,2.0
Q23_4,D2021,2.0
Q23_4,D2025,2.0
Q23_4,D2029,2.0
Q23_4,D2033,2.0
Q23_4,D2037,2.0
Q23_4,D2089,2.0
Q23_4,D2077,2.0
Q23_4,D2393,2.0
Q23_4,D2233,2.0
Q23_4,D2245,2.0
Q23_4,D2117,2.0
Q23_4,D2133,2.0
Q23_4,D2069,2.0
Q23_4,D2373,2.0
Q23_4,D2125,2.0
Q23_4,D2361,2.0
Q23_4,D2253,2.0
Q23_4,D2045,2.0
Q23_4,D2349,2.0
Q23_4,D2197,2.0
Q23_4,D2293,2.0
Q23_4,D2041,2.0
Q23_4,D2205,2.0
Q23_4,D2397,2.0
Q23_4,D2357,2.0
Q23_4,D2337,2.0
Q23_4,D2173,2.0
Q23_4,D2017,2.0
Q23_4,D2301,2.0
